College ID,College Name,CollegeUrl,Email,Address,Contact No,TPO Name,TPO Number
1002,Government College of Engineering   Amravati,www.gcoea.ac.in,principal@gcoea.ac.in,VMV Road   Near Kathora Naka    Amravati,2531929,,
1012,Government Engineering College   Yavatmal,www.gpyavatmal.edu.in,office.gpyavatmal@dtemaharashtra.gov.in,Post Box N. 24   Dhamangaon Road   Yavatmal ,7232243,,
1101,Shri Sant Gajanan Maharaj College of Engineering  Shegaon,www.ssgmce.org,principal@ssgmce.ac.in,S.S.G.M.C.E Campus   Khamgaon Road   Shegaon Dist. Buldhana,8669638081,,
1105,Prof. Ram Meghe Institute of Technology & Research   Amravati,www.mitra.ac.in,principal@mitra.ac.in,Anjangaon Bari Road   Badnera    Amravati,2681246,,
1108,P.R. Patil College of Engineering & Technology   Amravati,www.prpcet.org,director_prpce@rediffmail.com,Gajanan Township Campus   (Post Estate)   Kathore Road   Amravati,2530344,,
1111,Shree Hanuman Vyayam Prasark Mandal's P.G. Department  of Computer Science & Technology   Amravati,www.hvpm.org,coco_mca@hvpm.org,Hanuman Vyayam Prasarak Mandal    Hanuman Vyayam Nagar   Amravati,2573258,,
1114,Sipna Shikshan Prasarak Mandal College of Engineering & Technology   Amravati,www.sipnaengg.ac.in,sipnaoffice@gmail.com,Sipna campus   Infront of Nemani Godown   Badnera Rd.   Amravati,2522342,,
1116,Shri Shivaji Education Society's College of Engineering and Technology   Akola,www.coeta.ac.in,principalcoeta@gmail.com,Babhulgaon(Jn)   Murtizapur Road   National Highway No. 6   Akola,2259069,,
1117,Janata Shikshan Prasarak Mandal’s Babasaheb Naik College Of Engineering   Pusad,www.bncoepusad.ac.in,principal@bncoepusad.ac.in,Kalra Road   Pusad  Dist Yavatmal ,245229,,
1119,Paramhansa Ramkrishna Maunibaba Shikshan Santha's    Anuradha Engineering College   Chikhali,www.aecc.ac.in,annprincipal55@gmail.com,Anuradhha Nagar   Sakegaon Road   Chikhali Dist. Buldhana ,242063,,
1120,Jawaharlal Darda Institute of Engineering and Technology   Yavatmal,www.jdiet.ac.in,jdiet_yml@bsnl.in,MIDC   Lohara   Amaravati Road   Yavatmal,7447797962,,
1121,Shri Hanuman Vyayam  Prasarak Mandals College of Engineering & Technology   Amravati,www.hvpmcoet.in,principal@hvpmcoet.in,Hanuman Vyayam Nagar   H.V.P.M. Campus   Amravati,2563422,,
1122,Dr. Bhausaheb Nadurkar College of Engineering   Waghapur  Yavatmal,www.dbncoet.ac.in,dbncoetytl@gmail.com,Shri Saty Sai Krida Nagari   Waghapur Road   Yavatmal,246162,,
1123,Dr.Rajendra Gode Institute of Technology & Research   Amravati,www.drgitr.com,principal_coe@rediffmail.com,University Mardi Road   Opp. Heart Hospital   Amravati,2970275,,
1124,G.H. Raisoni college of Engineering & Management   Amravati,ghrcema.raisoni.net,vijay.rathod@raisoni.net,Anjangaon   Bari Road   Amravati,2385432,,
1125,Dwarka Bahu Uddeshiya Gramin Vikas Foundation   Rajarshri Shahu College of Engineering   Buldhana,www.rsce.ac.in,rsc_engg@rediffmail.com,Rajarshi Shahu Nagar   Near Palna Ghar   Sagwan Road    Buldhana ,287167,,
1126,Shri. Dadasaheb Gawai Charitable Trust's Dr. Smt. Kamaltai Gawai Institute of Engineering & Technology   Darapur   Amravati,www.kgiet.ac.in,principal.kgiet@gmail.com,Darapur   Taluka. Daryapur   Amravati,7720032432,,
1127,Jagadambha Bahuuddeshiya Gramin Vikas Sanstha's Jagdambha College of Engineering and Technology   Yavatmal,www.jcoet.org,principal@jcoet.org,Sr. No.167/1  167/2 &163/  Arni Road   Mauza-Kinhi  Tal & Dist-Yavatmal,244226,,
1128,Prof Ram Meghe College of Engineering  and Management   Badnera,www.prmceam.ac.in,principal@prmceam.ac.in,New Express Highway   Badnera Dist. Amravati,2580373,,
1129,Dhamangaon Education Society's College of Engineering and Technology   Dhamangaon,www.descoet.org,desdcoet@rediffmail.com,Knowledge Hub   Anjansingi Road   Dhamangaon RlY. Station   Amravati,237335,,
1130,Vision Buldhana Educational & Welfare Society's Pankaj Laddhad Institute of Technology & Management Studies   Yelgaon,www.plit.ac.in,principal_plit@rediffmail.com,Chikhali Road   Post Yelgaon   Tal & Buldhana,Ext.-,,
1148,P. R. Pote Patil Institute of Engineering & Research   At  Kathora   Amravati ,www.prppier.ac.in,prpatilengineering@gmail.com,Kathora Road   Pote Estate   Mu. Kathora Ta. Dist Amravati,2970408,,
1180,Sanmati Engineering College   Sawargaon Barde   Washim,www.sanmati.in,engineering@sanmati.in,Survey no. 40   Washim-Malegaon Road   At. Post  Sawargaon Barde Dist. Washim ,234302,,
1182,Padmashri Dr. V.B.  Kolte College of Engineering   Malkapur   Buldhana,www.coemalkapur.ac.in,coemalkapur@rediffmail.com,Malkapur   Dist. Buldhana,226700,,
1251,Bhonsla College of Engineering & Reasearch   Akola,www.bhonslacer.org,bim.ngp@gmail.com,Survey No. 65   Mouza - Hingna Barlingna   Akola-Washim Highway   Tah. & Dist. Akola. ,6090111,,
1265,Mauli Group of Institutions   College of Engineering and Technology   Shegaon.,www.mauligroup.org,maulicoet@gmail.com,Khamgaon Road   Shegaon Dist. Buldhana,7722027506,,
1266,Harikisan Maloo Institute Of Management & Technology   Amravati,www.maloogroup.org,hcminstmngtech@gmail.com,Opp. Deshmukh Lawns   Shegaaon Rahatgaon Road   Amravati. ,2970119,,
1267,Pratap Institute of Management & Technology   Washim.,www.pimtwashim.org,pimt.washim@gmail.com,Gat No. 89 & 90   Mauza Walki   Risod Road   Washim,288919,,
1268,Siddhivinayak Technical Campus   School of Engineering & Research Technology   Shirasgon   Nile ,www.stc.org.in,admn.stc@gmail.com,Gat No.133  134 & 140   Shegaon Khamgaon Road   Shirasgaon   Nile   Tal. Shegaon,220222,,
1276,Manav School of Engineering & Technology   Gut No. 1035 Nagpur Surat Highway   NH No. 6 Tal.Vyala   Balapur   Akola    444302,www.manavengineering.ac.in,principal@manavengineering.ac.in,Gut No.1035   Surat Nagpur Highway Vyala   Tal.Balapur   Akola,238406,,
1278,Let.Dr.D.B.Dod College of Engineering   Jambla  Achalpur,www.dbdcoe.org,drdbdod@rediffmail.com,Sr.No.32/4    Mauja Jambla   Anjangaon Road   Paratwada Tal. Achalpur Dist. Amravati,225503,,
2008,Government College of Engineering    Aurangabad,www.geca.ac.in,principalgeca@yahoo.com,Station Road   Osmanpura    Aurangabad,2366111,,
2020,Shri Guru Gobind Singhji Institute of Engineering and Technology   Nanded,www.sggs.ac.in,director@sggs.ac.in,Vishnupuri   Nanded,229234,,
2021,University Department of Chemical Technology   Aurangabad,www.bamu.net,udctaurangabad@yahoo.co.in,Dr. Babasaheb Ambedkar Marathwada University Campus   Aurangabad,2403308,,
2112,Shree Yash Pratishthan   Shreeyash College of Engineering and Technology   Aurangabad,www.syp.ac.in,sycet@yahoo.com,Gut No. 258 (P)   Satara Tanda   Tal & Dist. Aurangabad,6608701,,
2113,G. S. Mandal's Maharashtra Institute of Technology   Aurangabad,www.mit.asia,spbhosle2001@gmail.com,N.H. No. 211  Beed bypass Road   Satara   Aurangabad,2375222,,
2114,Deogiri Institute of Engineering and Management Studies   Aurangabad,www.dietms.org,shiurkar@gmail.com,Deogiri College Campus   Railway Station Road   Aurangabad,2367575,,
2119,Shree Sharda Bhavan Education Society's Institute of Technology & Management   Nanded,www.ssbesitm.org,ssbesitm@yahoo.com,Yashwant College Campus   VIP Road Nanded  (MS) 431602,254850,,
2120,Dnyanopasak Shikshan Mandal's Institute of Information Technology & Management   Parbhani.,www.dsmiitm.com,gopal.hoge@gmail.com,C/o. Dnyanopasak College of  Arts   Commeres  & Science   Near Zilla Parishad   Jintur Road   Parbhani  431401,293044,,
2124,Maratha Education Society's Institute of Management studies & Information Technology   Aurangabad,www.imsit.edu.in,drashokgaikwad@gmail.com,Vivekanand College Campus    Samarth nagar   Aurangabad  431001,2365821,,
2125,S.V.S.P. Mandal's Swami Vivekanand Institute of Technology and Mangement   Udgir,www.svspm.edu.in,svitm934@gmail.com,Avalkonda Road   Udgir   Dist. Latur.   413517,253970,,
2126,Gramodyogik Shikshan Mandal's Marathwada Institute of Technology   Aurangabad,www.mit.asia,principal.mite@mit.asia,P.B.-327   Satara Village Rd.    off Beed By-Pass Highway   Aurangabad,2375375,,
2127,Mahatma Gandhi Missions College of Engineering   Hingoli Rd   Nanded.,www.mgmcen.ac.in,mgmcen@mgmcen.ac.in,Near Airport  Hingoli Road   Nanded,222999,,
2128,Maharashtra College of Engineering   Nilanga,www.mce-nilanga.com,mcenilanga20@yahoo.com,Maharashtra Education Society's College of Engineering   Nilanga A/P Nilanga Dist. Latur ,242088,,
2129,M.S. Bidve Engineering College   Latur,www.msbecl.ac.in,principal@msbecl.ac.in,P.O. Box No. 112   Barshi Road   Latur,221255,,
2130,Terna Public Charitable Trust's College of Engineering   Osmanabad,www.coeosmanabad.com,coe@ternatrust.org,Solapur  Road   Osmanabad ,251011,,
2131,Shree Tuljabhavani College of Engineering   Tuljapur,www.stbcet.org.in,stbcet@gmail.com,Naldurg Road   Tuljapur   Dist. Osmanabad,243603,,
2132,M.G.M.'s Jawaharlal Nehru Engineering College   Aurangabad,www.jnec.org,jnec@jnec.ac.in,Mahatma Gandhi Mission's Jawaharlal Nehru Engg. College Campus   N-6   CIDCO,2482893,,
2133,Mahatma Basaweshwar Education Society's College of Engineering   Ambejogai,www.coea.ac.in,khadakbhavibi@gmail.com,Ambejogai   Beed,247262,,
2134,Peoples Education Society's College of Engineering   Aurangabad,www.pescoe.ac.in,principal@pescoe.ac.in,Nagasen Vana   Near Panchakki   University Rd.   Aurangabad,2403017,,
2135,Hi-Tech Institute of Technology   Aurangabad,www.hitechengg.edu.in,principal@hitechengg.edu.in,P-119   Bajajnagar   Aurangabad ,2553496,,
2136,Aditya Engineering College    Beed,www.adityaeducation.org.in,principal.aditya@gmail.com,Telgaon Road   Beed Tal.& Dist. Beed,227038,,
2137,Nagnathappa Halge Engineering  College   Parli   Beed,www.nhce.in,nhce1@hotmail.com,At Brahmwadi    Post Tokwadi   Parli-Beed State Highway   Parli Vaijnath Dist. Beed,224334,,
2138,Matsyodari Shikshan Sansatha's College of Engineering and Technology   Jalna,www.msscetjalna.org,msscetjalna@gmail.com,Jalna-Aurangabad Road   Nagewadi   Jalna,202533,,
2141,Shri Sai Samajik Vikas Santha's Shri Sai Colllege of Engineering   Paddari Village Tal. & Dist. Aurangabad,www.saiengineeringcollege.in,appoint01@gmail.com,Gut No. 80   Paddari Village  Near Beed bypass  via Deolai  Near Sai Mandir   Tal. & Dist. Aurangabad,6453732,,
2144,Maharashtra Education Society's Maharashtra Udayagiri Institute of Management & Technology   Somnathpur,www.muec.ac.in,principalmuimt@gmail.com,Vill. Somnathpur   Tal. Udgir. Dist. Latur,256152,,
2145,Geetai Charitable Trust's Khurana Sawant Institute of Engineering & Technology   Balsond   Hingoli.,www.ksiet.org,ksiet_hingoli@yahoo.co.in,Balsond   Tal.& Dist. Hingoli,290281,,
2146,Adarsh Shikshan Prasarak Mandal's K. T. Patil College of Engineering and Technology   Osmanabad,www.ktpcoe.org.in,ktpcoeo@gmail.com,Keshav Nagar   Jadahavwadi Road   Osmanabad.Tal.  & Dist. Osmanabad,2293200,,
2160,G.S. Mandals Marathwada Institute of Technology (Arch.)   Aurangabad,www.mit.asia,info@mit.asia,PB 327  Satara Road   Aurangabad,2375111,,
2161,Javaharlal Nehru Institute of Education Science & Technological Research   Mahatma Gandhi College of Architecture   Vasara,,,Latur Road   Nanded,Ext.-,,
2171,Gramodyogik Shikshan Mandal's Marathwada Institute Of Technology   Rotegaon   Vaijapur   Dist. Aurangabad.,www.mit.asia,munish.sharma@mit.asia,Rotegaon   Post Box No. 327   Taluka   Vaijapur  Satara Village Road Dist. Aurangabad 431028,204035,,
2172,Hi-Tech Polytechnic   Aurangabad,www.hitechpoly.edu.in,principal.hitech.poly@gmail.com,P-119   Bajajnagar   Aurangabad,2553496,,
2174,Shree Bharavnath Nisarga Mandal   Diploma in Engineering and Technology   Gevrai Tanda   Aurangabad,www.sbnmpoly.org,principalsbnm@rediffmail.com,Gevrai Tanda   Paithan Road   Taluka & Dist. Aurangabad.  431001,2480451,,
2178,Vinayakrao Patil Shikshan Prasarak Mandal   Institute Of Engineering & Technology Kannad,www.ietkannad.org,1157principal@msbte.com,Kannad   Dist Aurangabad ,220588,,
2184,Shree Dhaneshwari Manav Vikas Mandal Diploma In Engineering And Technology Institute   Hatta   Tal. Basmat   Hingoli,www.sdmvmspolyhatta.in,1006principal@msbte.com,Hatta   Taluka Vasamat   Dist. Hingoli ,22454,,
2185,Dharati Janseva Pratishthan   Diploma In Engineering & Technology Institute   Jalna,www.djppolytech.org,1093principal@msbte.com,Rohanwadi   Revgaon Raod   Tq.Dist.Jalna ,2482223,,
2192,Education Society   Kalawatibai College Of Engineering & Technology (Polytechnic)   Naigaon   Nanded,www.kalawatibaipoly.com,1155principal@msbte.com,Lalwandi Road   Tal. Naigaon (Kh)   Nanded  431709,263399,,
2193,Sahayog Sevabhai Sanstha   Indira Institute Of Technology(Polytechnic)   Nanded.,www.sahayogcampus.ac.in,indirapoly@gmail.com,Gat No. 18 & 22 Vishnupuri   Nanded 431606,229155,,
2224,Gramodyogik Shikshan Mandal's Marathwada Institute of Technology   Aurangabad,www.mit.asia,sunil.deshmukh@mit.asia,P.B.-327   Satara Village Rd.    off Beed By-Pass Highway Aurangabad    431005,2375333,,
2250,Aurangabad College of Engineering    Naygaon Savangi   Aurangabad,www.aurangabadengg.com,lokhande3000@gmail.com,GatT No 52   TUljapur Shivar   Naygoan Savangi   Aurangabad,2485686,,
2252,Marathwada Shikshan Prasarak Mandal's Shri Shivaji Institute of Engineering and Management Studies   Parbhani,www.mspgroup.org,director.ssiems@yahoo.com,Vasmat Road  Parbhani,234109,,
2255,Balaghat Engineering College  Ruddha   Ahmedpur,www.balaghatcollege.com,balaghat_eng@rediffmail.com,Latur - Nanded Highway   Rudha   Ahmedpur   Taluka - Ahmedpur  Dist-Latur,279033,,
2279,Ransamrat Kreeda Mandal's Rajarshi Shahu Institue of Technology  Parli Road Kallam   Dist. Osmanabad,www.shahuitkallam.org,rsit1489@gmail.com,Gat No 65-A/2   Parli Road Kallam   Dist. Osmanabad. 413507,263010,,
2283,Phoenix Foundation Sanstha's Phoenix Institute Of Technology  Lodga   Tal. Asua  Dist. Latur,www.pitpoly.com,pitpoly@gmail.com,At Post Lodga   Tq Asua  Dist. Latur  413512,255786,,
2286,Ambarwadikar Institute of Hotel Management & Catering Technology Polytechnic   Deolai   Aurangabad,www.ambarwadikartech.com,ambarwadikar.hmct@gmail.com,Gut No. 103   Deolai   Surya Lawns Campus   Beed    Aurangabad ,2653155,,
2288,Kai Haribhai Varpudkar Gramin Mahila Sevabhavi Sanstha's LATE. HARIBAI WARPUDKAR POLYTECHNIC   PARBHANI,www.lhwpoly.org,warpudkar.poly@gmail.com,Gut No 104  Karegaon Vasmat road Opp.Water filter Plant ParbhaniLate Haribai Varpudkar Poly Parbhani    431401,2452,,
2289,Baliram Patil Mission's S.N.Rai Institute of Engg. & Technology Shrikshtra    Mahur Dist Nanded.,www.balirampatilmission.org,1499principal@msbte.com, Shrikshetra Mahur Tal. Mahur Dist Nanded.,268136,,
2292,Anand Charitable Trusts   Diploma in Engineering & Technology   Murshadapur   Ashti   Dist. Beed,www.dietashti.org,acspoly.ashti@gmail.com, Murshadapur   Tq. Ashti   Dist. Beed.  414203,282974,,
2296,Sevadas Shikshan Prasarak Mandal's Vasantrao Naik Instiute of Technology   Vasarni   Nanded,www.sevadasspmnnd.org,1506principal@msbte.com,Gut No 24   Vasarni   Nanded. 431603,225375,,
2298,Shri Sai Institute of Technology(Polytechnic)  Aurangabad,www.ssit.org.in,ssitpoly@gmail.com,P-75 Behind Garware Palyster  MIDC   Chikalthana  Aurangabad    431210,2470312,,
2515,Sai Institute of Engineering & Technology   Bilda   Aurangabad.,www.sietaurangabad.com,sietaurangabad@gmail.com,Survey No.170   Sai Nagar  Aurangabad Ajanta Road  Jalgaon Highway  Village Bilda  Tal. Phulambri  ,2020555,,
2516,International Centre of Excellence in Engineering & Management   Aurangabad.,www.iceemabad.com,director@iceemabad.com,Gut No.4  Opp.Bajaj Auto ltd. Infront of MIDC filtration plant  Aurangabad-Pune High way,2558123,,
2522,STMEI's Sandipani Technical Campus-Faculty of Engineering   Latur.,www.vit.edu/latur,badgireudhav@gmail.com,Gat No. 23   Kolpa Tq & Dist. Latur,263546,,
2523,Maitree Foundation's Maitree Institute of Management & Technology   Bhatangali Tal.& Dist. Latur,www.mimlatur.com,mimlatur@rediffmail.com,Gut. No. 237   Bhatangali   Tq. & Dist. Latur.  413512,254888,,
2529,V.J. Shinde College of Engineering   Osmanabad.,www.vjsengg.com,vjscoe2529@gmail.com,Gat No. 738   Waruda road   Osmanabad.,203205,,
2533,CSMSS Chh. Shahu College of Engineering   Aurangabad,www.csmssengg.org,shahuengg@gmail.com,Kanchanwadi   Paithan Road   Aurangabad.,6646371,,
2535,D.B.Group of Instituions   School of Technology   At.Mahalangra   Tal.Chakur  Latur,www.dbgroup.org.in,dbimr@yahoo.com,Opp. LATUT-NANDED HIGHWAY  AT MAHALANGRA  TQ-CHAKUR  DIST-LATUR-412513,259009,,
2573,Gramin College of Engineering   Vishnupuri   Nanded,www.graminenggnanded.org,graminenggnanded@gmail.com,Vishnupuri   Nanded   Nanded waghala   Nanded,229112,,
3006,Government Institute of Printing Technology   Mumbai,www.gipt.ac.in,gipt_m@rediffmail.com,J.J School Of Architecture Compound   Near Cst Station   Mumbai 400001,20821474,,
3012,Veermata Jijabai Technological Institute(VJTI)   Matunga   Mumbai,www.vjti.ac.in,director@vjti.org.in,H.R. Mahajani Marg   Matunga   Mumbai ,24198101,,
3014,Sardar Patel College of Engineering   Andheri,www.spce.ac.in,principal@spce.ac.in,Munshi Nagar   Andheri (West)    Mumbai - Suburban   Mumbai ,26232192,,
3023,St. Xavier's Technical Institute   Mumbai,www.xaviertech.com,office@xaviertech.com,Mahim Causeway Road   Mahim   Mumbai    400016,24455937,,
3028,Father Agnel Technical College (Polytechnic)   Bandra(W)   Mumbai,atc.fragnel.ac.in,fragnel_bandra@yahoo.com,Fr. Agnel Ashram Mumbai    400050,67114054,,
3033,Dr. Babasaheb Ambedkar Technological University   Lonere,www.dbatu.ac.in,registrar@dbatu.ac.in,Vidyavihar   P.O. Lonere   Ta-Mangaon Dist. Raigad ,275142,,
3035,Usha Mittal Institute of Technology SNDT  Women's University   Mumbai,www.umit.ac.in,umit@sndt.ac.in,SNDT  Women's University   Mumbai Juhu Campus   Santacruz (W)   Mumbai ,26605183,,
3036,Institute of Chemical Technology   Matunga   Mumbai,www.ictmumbai.edu.in,ar.acad@staff.ictmumbai.edu.in,Nathalal Parikh Marg   Matunga   Mumbai ,33611111,,
3040,Dr. Babasaheb Ambedkar Tech.University  Institute of Petrochemical Engineering  Lonere  Raigad,www.iopelonere.com,iopelonere@rediffmail.com,Vidyavihar  P.O.Lonere  Tal-Mangaon. Raigad    402103,275103,,
3041,PREMLILA VITHALDAS POLYTECHNIC Pharmacy shifted to 3027 from 3041 ,www.pvpsndt.org,pvp@pvpsndt.org,SNDT Women's University   Juhu Road   Santacruz(W)   Mumbai sub,26608676,,
3135,Manjara Charitable Trust's Rajiv Gandhi Institute of Technology   Mumbai,www.mctrgit.ac.in,mctrgit02@gmail.com,Off. Juhu Versova Link Road   Versova   Andheri(W) Mumbai ,26707026,,
3139,Vidyalankar Institute of Technology  Wadala   Mumbai,www.vit.edu.in,principal@vit.edu.in,Vidyalankar Educational Campus  Vidyalankar College Marg   Wadala(E)   Mumbai ,24161126,,
3146,Jawahar Education Society's Annasaheb Chudaman Patil College of Engineering  Kharghar   Navi Mumbai,www.acpce.org,principal@acpce.ac.in,Sector 4  Ploat No-17  Kharghar   Navi Mumbai. Dist. Raigad ,27745722,,
3147,Saraswati Education Society   Yadavrao Tasgaonkar  Institute of Engineering & Technology   Karjat,www.tasgaonkartech.com,nanduyt@hotmail.com,Near Bhiv puri Road Railway statiion Chandai   Tal Karjat   Dist Raigad,8806753541,,
3148,Mahavir Education Trust's Shah & Anchor Kutchhi Engineering College   Mumbai,www.shahandanchor.com,principal@sakec.ac.in,Vaman Tukaram Patil Marg   Chembur   Mumbai,25580854,,
3154,Saraswati Education Society's Saraswati College of Engineering  Kharghar Navi Mumbai,www.sce.edu.in,registrarsaraswati@gmail.com,Plot No 46/46 A   Sector 5 Near MSEB Sub Station Kharghar Navi Mumbai  Dist. Raigad ,27743705,,
3162,Bharti Vidyapeeth's Institute of Management & Information Technology   Navi Mumbai,www.bvimit.co.in,admission@bvimit.co.in,Sector 8. CBD   Belapur   Navi Mumbai  400614,27578415,,
3173,Deccan Education Society's Navinchandra Mehta Institute of Technology & Development   Dadar   Mumbai,www.nmitd.edu.in,director@nmitd.edu.in,DES's Mumbai Campus   Kirti College Road   Dadar (W)   Mumbai.  400028,62764583,,
3174,Ramrao Adik Edu Soc   Ramarao Adik Institute of Tech.   Navi Mumbai,www.rait.ac.in,ramraoadik@gmail.com, Dr. D.Y. Patil Vidyanagar   Sector-7   Phase-I   Nerul   Navi Mumbai,27709574,,
3175,M.G.M.'s College of Engineering and Technology   Kamothe   Navi Mumbai ,www.mgmmumbai.ac.in,principal.cet@mgmmumbai.ac.in,At Junction of NH4 & Sion-Panvel Expressway    Kamothe   Navi Mumbai ,27433421,,
3176,Thakur College of Engineering and Technology   Kandivali   Mumbai,www.tcetmumbai.in,tcet@thakureducation.org,Thakur Shyamnarayan Marg  Thakur Village  Kandivali(E)   Mumbai,67308000,,
3181,K.J.Somaiya College of Engineering   Vidyavihar   Mumbai,www.somaiya.edu/kjsce,principal.engg@somaiya.edu,Vidya_Nagar   Vidya Vihar   Mumbai ,66449191,,
3182,Thadomal Shahani Engineering College   Bandra   Mumbai,www.tsec.edu,gtthampi@yahoo.com,37th Road   Off Linking Road   (Near National)   Bandra (West)   Mumbai ,26041631,,
3183,Anjuman-I-Islam's M.H. Saboo Siddik College of Engineering   Byculla   Mumbai,www.mhssce.ac.in,aimhssce@gmail.com,8   M.H.Saboo Siddik Polytechnic Road   P.O.Box: 4627   Byculla   Mumbai,23012922,,
3184,Fr. Conceicao Rodrigues College of Engineering   Bandra  Mumbai,www.fragnel.edu.in,crce@fragnel.edu.in,Father Agnel Ashram    Band-stand   Bandra (West)   Mumbai,67114000,,
3185,Vivekanand Education Society's Institute of Technology   Chembur   Mumbai,www.ves.ac.in/vesit,vesit@vsnl.com,Hashu Advani Memorial Complex   Behind Collector Colony   R.C. Marg   Chembur   Mumbai,61532532,,
3187,N.Y.S.S.'s Datta Meghe College of Engineering   Airoli   Navi Mumbai,www.dmce.ac.in,principaldmce@yahoo.com,P.B. No. 15   CIDCO Colony   Plot No. 98   Sector 3    Airoli   Navi Mumbai ,27791662,,
3188,Padmabhushan Vasantdada Patil Pratishthans College of Engineering   Sion  Mumbai,www.pvppcoe.ac.in,principal@pvppcoe.ac.in,Padmabhushan Vasantdada Patil Education Complex   Eastern Express Highway   Near Everard Nagar    Sion-Chunabhatti Mumbai ,24070547,,
3189,Bharati Vidyapeeth College of Engineering    Navi Mumbai,www.bvcoenm.edu.in,principal.bvcoenm@bharatividyapeeth.edu,Sector - 7  CBD- Belpur   Navi Mumbai 400614 ,27572140,,
3190,Terna Engineering College   Nerul   Navi Mumbai,www.ternaengg.ac.in,principal@terna.org,Plot No. 12   Sector-22  Opp. Nerul Railway Station  Phase-II   Nerul (W)  Navi Mumbai ,61115444,,
3191,Mandar Education Society's Rajaram Shinde College of Engineering   Pedhambe,www.mandaredusoc.org,rscoedegree@gmail.com,At Pedhambe   Po. Alore   Tal : Chiplun   Dist. Ratnagiri,230005,,
3192,Smt. Indira Gandhi College of Engineering   Navi Mumbai,www.sigce.edu.in,contactus@sigce.edu.in,Plot No.1   Sector No. 08   Ghansoli    Navi Mumbai 400 701,27543608,,
3193,Shivajirao S. Jondhale College of Engineering   Dombivali  Mumbai,www.shivajiraojondhalecoe.org.in,officessjcoe@gmail.com,Sheel Kalyan Highway   Behind Venkatesh Petrolpump   Sonarpada   Manpada Post   Dombivali (E) Thane ,2872560,,
3194,Vidyavardhini's College of Engineering and Technology   Vasai,www.vcet.edu.in,vcet_inbox@vcet.edu.in,Vasai Road (W Rly)   Tal: Vasai   District Palghar ,2338234,,
3196,Lokmanya Tilak College of Engineering   Kopar Khairane   Navi Mumbai,www.ltce.in,principal.ltce@gmail.com,Sector - 4   Plot N0 17 & 18   Vikas Nagar   Koparkhairane   Navi Mumbai,27541005,,
3197,Agnel Charities' FR. C. Rodrigues Institute of Technology   Vashi   Navi Mumbai,www.fcrit.ac.in,principalfcrit@gmail.com,Sector 9-A    Vashi   Navi Mumbai  ,227771000,,
3198,Konkan Gyanpeeth College of Engineering   Karjat,www.kgce.edu.in,principal@kgce.edu.in,Vengaon Road   Dahivali   Karjat,222580,,
3199,Shri Vile Parle Kelvani Mandal's Dwarkadas J. Sanghvi College of Engineering   Vile Parle  Mumbai,www.djsce.ac.in,info@djsce.ac.in,Plot No. U-15   J.V.P.D. Scheme   Bhaktivedanta Swami Marg   Vile Parle (West)   Mumbai,26123892,,
3200,Hope Foundation and research center's  Finolex Academy of Management and Technology   Ratnagiri,www.famt.ac.in,admin@famt.ac.in,P- 60   P-60/1   MIDC   Mirjole Block   Ratnagiri,229657,,
3201,Rizvi Education Society's Rizvi College of Engineering   Bandra  Mumbai,www.eng.rizvi.edu.in,info@eng.rizvi.edu.in,Rizvi Educational Complex   Off Carter Road   Sherly Rajan Village   Bandra (W)   Mumbai ,26043866,,
3202,Rajendra Mane College of Engineering & Technology  Ambav Deorukh,www.rmcet.com,info@rmcet.com,At - Ambav (Devrukh).Tal Sangameshwar  Dist.- Ratnagiri,269400,,
3203,Atharva College of Engineering  Malad(West)  Mumbai,www.atharvaeducation.com,ace@atharvaeducation.com,S. No. 263   Plot No. 8-12   Malad-Marve Rd   Charkop Naka   Malad(W)   Mumbai,40294949,,
3204,St. Francis Institute of Technology  Borivali   Mumbai,www.sfit.ac.in,sfedu@sfit.ac.in,Mount Poinsur   S.V.P. Road   Borivali ( W )   Mumbai ,28928585,,
3206,S.S.P.M.'s College of Engineering   Kankavli,www.sspmcoe.ac.in,sspmcoe@gmail.com, A/P-Harkul Budruk   Tal- Kankavali. Dist-Sindhudurg,233812,,
3207,Mahatma Education Society's Pillai College of Engineering   New Panvel,www.pce.ac.in,principalpce@mes.ac.in,Dr. K.M.Vasudevan Pillais' Campus Plot No. 10   Sector 16   New Panvel   Dist.Raigad,27456100,,
3208,Don Bosco Institute of Technology   Mumbai,www.dbit.in,dbit@dbit.in,Premier Automobiles Road  Opp. Fiat Company   Kurla (West)   Mumbai ,25042018,,
3209,K J Somaiya Institute of Engineering and Information Technology   Sion   Mumbai,www.somaiya.edu/vidyavihar/kjsieit,principal.tech@somaiya.edu,Somaiya Auryvihar Complex    Near Everard Nagar Eastern Express Highway   Sion (East)   Mumbai,24080331,,
3210,Excelsior Education Society's K.C. College of Engineering and Management Studies and Research   Kopri   Thane (E),www.kccoe.org,kcce21@hotmail.com,Mith bunder Road   Near Sadguru Gardens   Kopri   Thane (E),25327100,,
3211,S.I.E.S. Graduate School of Technology   Nerul   Navi Mumbai,www.siesgst.edu.in,principalgst@sies.edu.in,Sri. Chandrsekarendra Saraswathy Vidyapuram   Sector-5   Plot 1C&1E   Nerul Dist. Raigad ,61082400,,
3212,WATUMULL INSTITUTE OF ELECTRONICS ENGINEERING & COMPUTER TECHNOLOGY   ULHASNAGAR,www.watumull.edu,principal@watumull.edu,Plot No.157  C.H.M.Campus  Opp.Ullhasnagar Rilway Station  Ulhasnagar-421003(W),2567670,,
3214,Xavier Institute Of Engineering C/O  Xavier Technical Institute  Mahim  Mumbai,www.xavier.ac.in,office@xavier.ac.in,Opposite S.L.Raheja Hospital   Mahim Causeway   Mahim(W)     Mumbai,24451961,,
3215,Bhartiya Vidya Bhavan's Sardar Patel Institute  of Technology    Andheri   Mumbai,www.spit.ac.in,principal@spit.ac.in,Bhavan's Campus   Versova Road   Munshi Nagar   Andheri (West)   Mumbai,26287250,,
3216,Gharda Foundation's Gharda Institute of Technology  Khed   Ratnagiri,www.git-india.edu.in,principal@git-india.edu.in,A & Po. Lavel Tal Khed    Dist. Ratnagiri,262798,,
3217,Vighnaharata Trust's  Shivajirao S. Jondhale College of Engineering & Technology   Shahapur   Asangaon   Dist Thane,www.jondhleengg.org,vjtsscoe@rediffmail.com,At Asangaon   Tal Shahapur   Opp Railway station   Dist : Thane,273999,,
3218,Aldel Education Trust's St. John College of Engineering & Management   Vevoor   Palghar,www.sjcem.edu.in,office@sjcem.edu.in,St. John Technical Education Complex   Village Vevoor  Manor Road  Palghar (E),297275,,
3219,Koti Vidya Charitable Trust's  Smt. Alamuri Ratnamala Institute of Engineering and Technology    Sapgaon   Tal. Shahapur,www.armiet.com,registrar@armiet.com,Sapgaon   Taluka Shahapur  Dist. Thane,40244310,,
3220,Saraswati Education Society   Yadavrao Tasgaonkar College of Engineering and Management   Nasarapur   Chandai   Karjat,www.tasgaonkartech.com,sesytcem@gmail.com,Chandhai   Neral - Kadav Raod   Post Nasrapur   Taluka Karjat   Dist. Raigad,321524,,
3221,Late Shri. Vishnu Waman Thakur Charitable Trust   Viva Institute of Technology   Shirgaon,www.viva-technology.org,principalvit@vivacollege.org,Shirgaon   At. Post Virar   Tal. Vasai. Thane ,7770002544,,
3222,Haji Jamaluddin Thim Trust's Theem College of Engineering   At. Villege Betegaon   Boisar,www.theemcoe.org,info@theemcoe.org,At Village Betegaon  Boisar Chillhar Road    Near Union Park    Boisar(E)   Tal: Palghar  ,284909,,
3223,Mahatma Education Society's Pillai HOC College of Engineering & Technology   Tal. Khalapur. Dist. Raigad,www.phcet.ac.in,pragneshshah@mes.ac.in, Pillai HOCL Educational,,,
,,,,,,,
Campus   Rasayani   Tal. Khalapur. Dist. Raisad-,669000,,,,,,
3224,Leela Education Society   G.V. Acharya Institute of Engineering and Technology   Shelu   Karjat,www.leelaeducationsociety.org,principalgvaiet@yahoo.com,Shelu/Damat Village   (Opp. Shelu Rly Station)   Tal. Karjat. Dist. Raigad,229628,,
3255,Mandar Education Society's Rajaram Shinde  Institute of Engineering and Technology   Pedhambe,www.mandaredusoc.org,mandar.rsiet@gmail.com,Mandar Education Society's   Rajaram Shinde Instt of Engg  Ratnagiri    415603,230003,,
3256,Bharati Vidyapeeth's Institute of Technology   Navi Mumbai,www.iotmumbai.bharatividyapeeth.edu,bvitmumai@yahoo.com,Belpada   C. B. D. SECTOR - 7   OPP. Kharghar Railway Station   Navi Mumbai.,27572434,,
3270,Maratha Mandir's Babasaheb Gawade Institute of Technology   Mumbai,www.mmbgit.org,ajit.parab@mmbgims.com,Maratha Mandir annex  Babasaheb Gawade Chowk    Mumbai    400008,66044100,,
3275,Kala Vidyamandir Institute of Technology (Polytechnic)   Malad(W)   Mumbai,www.kvmt.co.in,kvmitprinicipal@rediffmail.com,MHADA World Bank project   Plot  No. M3   RSC  Gaekwad Nagar   Malad(W)  Mumbai    400095,28440012,,
3277,Shree Shankar Narayan Education Trust  Pravin Patil College of Diploma Engg. & Technology   Bhayinder (E) Western Rly,www.prppolytechnic.com,info@prppolytechnic.com,Navghar  Bhayander(E)   Thane    401105,28044871,,
3279,Institute of Printing Technoloy and Research   Panvel,www.mmpiptr.com,mmpiptr@gmail.com,Plot No. 3   Sector - 11   Balbharati Marg   Khanda Colony   New Panvel   410206,27481677,,
3281,Saraswati Education Society  Saraswati Institute of Technology   Kharghar   Navi Mumbai,www.siot.edu.in,ses.siot.os.09@gmail.com,Plot No.-46/46A   Behind M.S.E.B.Sub Station   Near Utsav Chowk   Sector-5   Kharghar Navi Mumbai Raigad    410210,27743705,,
3351,Bharat College of Engineering   Kanhor   Badlapur(W),www.bharatedu.co.in,info@bharatedu.co.in,Kanhor   Badlapur(w).  Tal- Ambernath. Dist. Thane ,2665001,,
3353,Dilkap Research Institute Of Engineering and Management Studies   At.Mamdapur   Post- Neral   Tal- Karjat    Mumbai,www.driems.in,sumaneducationaltrust@gmail.com,Village At.Mamdapur   Post- Neral   Tal- Karjat    Dist.Raigadh,651806,,
3421,VIVA College of Diploma Engg &Tech.   At. Bolinj   Virar (W) Dist. Thane,www.vivadiploma.org,contact@vivadiploma.org, At. Bolinj   Virar (W) Thane    401303,7888018019,,
3423,Shree L.R. Tiwari College of Engineering   Mira Road   Mumbai,,,,,,
,,,,,,,
,www.slrtce.in,slrtce@rahuleducation.com,Survey no. 267   Near Commisioner's Bungalow  Kanakiya Park  Mira Road (E)Thane,28120144,,,
3436,B.R. Harne College of Engineering & Technology   Karav   Tal-Ambernath.,www.brharnetc.edu.in,jsiddhivinayakf@gmail.com,At.Karav   Post Vangani(w)   Tal. Ambernath   Dist. Thane ,2910190,,
3439,Anjuman-I-Islam's Kalsekar Technical Campus   Panvel,www.aiktc.org,aiktc.newpanvel@gmail.com,Plot No.2   3 Sector - 16   Khandgaon   Thane Naka   Panvel Dist. Raigad ,27481247,,
3440,Metropolitan Institute of Technology & Management   Sukhalwad   Sindhudurg.,www.mitm.ac.in,jbfmumbai@gmail.com,At Village Sukhalwad   Near Sindhudurg Railway Station   Post Oras   Tal. Malvan Dist. Sindhudurg,228553,,
3445,Vishvatmak Jangli Maharaj Ashram Trust's Vishvatmak Om Gurudev College of Engineering   Mohili-Aghai   Shahpur.,www.vishwatmakengg.com,vishwatmakengg@gmail.com,At - Mohili   Post. Aghar   Taluka Shahapur   Dist. Thane,249001,,
3447,G.M.Vedak Institute of Technology   Tala   Raigad.,www.gmvit.com,gmvedakit@gmail.com,At Post Taluka. Tala   Dist. Raigad ,269004,,
3449,S.K.Education Trust   Dr. Manoj A Shete College of Engineering & Technology   Kasara.,www.drmscoet.com,skeducationtrust@yahoo.com,At Post Kasara   Tal. Shahapur   Dist. Thane ,246023,,
3460,Universal College of Engineering  Kaman Dist. Palghar,www.ucoe.edu.in,moses.lopes@universal.edu.in,Kaman Bhiwandi Road   S.N. 146(Part)   Kaman   Vasai,69624580,,
3462,VPM's Maharshi Parshuram College of Engineering   Velneshwar   Ratnagiri.,www.vpmmpcoe.org,info@vpmmpcoe.org,At Post Velneshwar   Hedvai-Guhagar Road   Guhagar  Ratnagiri.,243101,,
3465,Ideal Institute of Technology   Wada   Dist.Thane,www.idealwada.com,idealinstituteoftechnology13@gmail.com,40   Pasheri Village   Pimplaj road   Taluka Wada   Dist.Thane. ,212144,,
3467,Vishwaniketan's Institute of Management Entrepreneurship and Engineering Technology(i MEET)   Khalapur Dist Raigad,www.vishwaniketan.edu.in,mail.vishwaniketan@gmail.com,Survey No. 52 Kumbhivali   On Mumbai-Pune Expressway   Near Khalapur Toll Naka   Tal-Khalapur   Dist- Raigad,274206,,
3471,New Horizon Institute of Technology & Management   Thane,www.nhitm.ac.in,principal@nhitm.ac.in,Anand Nagar   Kavesar   Off. Ghodbunder Road   Thane(W),25971778,,
3475,A. P. Shah Institute of Technology   Thane,www.apsit.edu.in,principal@apsit.org.in,Survey No. 12   Opp. Hypercity Mall   Kasarvadavali   Ghodbunder Road   Thane (W),25973737,,
3477,Chhartrapati Shivaji Maharaj Institute of Technology   Shedung   Panvel,www.csmit.in,csmit.mah@gmail.com,92A/1   Old Mumbai Pune Highway   Near Shedung Toll naka Village Shedung   Panvel   Dist Raigad,Ext.-,,
3503,Indala College Of Engineering   Bapsai Tal.Kalyan,icoe.ac.in,icoekalyan1@gmail.com,Near Hp Gagangiri Petrol Pump   Kalyan-Murbad Road   Bapsai   Taluka Kalyan   Dist Thane ,2973456,,
4004,Government College of Engineering   Chandrapur,www.gcoec.ac.in,gcoechandrapur@gmail.com,Ballarsha Bypass Road  Chandrapur ,230478,,
4005,Laxminarayan Institute of Technology   Nagpur,www.litnagpur.in,rajumankar@gmail.com,L.I.T.Premises   Opposite Bharatnagar   Amravati Road   Nagpur,2561107,,
4007,Lady Amritbai Daga College for Women of Arts   Comm & Sci &  R.Purohit College of H.Sci & H. Sc. Technology   Nagpur,hmct.ladcollege.in/,lad_hmct@yahoo.com,Department of HMCT   L.A.D.  & Smt. R.P.College for Women    Seminary hills   Shankar Nagar  Nagpur ,2512336,,
4022,Government Institute of Hotel Management & Catering Technology   Nagpur,www.gihmctngp.org,principahmct_ngp@hotmail.com,Govt. Polytechnic Campus   Nagpur    440001,2544355,,
4023,Adv.V.R.Manohar Institute of Diploma in Medical Laboratory Technology   Nagpur,www.dmltngp.com,principal_dmltnys@yahoo.com,Electronic Zone  M.I.D.C Nildoh Nagpur,242304,,
4025,Government College of Engineering   Nagpur,www.gcoen.ac.in,office.gcoenagpur@dtemaharashtra.gov.in,Sector-27   Mihan Rehabilitation Colony   Khapari   Nagpur,202012,,
4101,Shree Shivaji Education Society   Dr. Panjabrao Deshmukh Institute of Management Technology & Research   Nagpur,www.pdimtr.ac.in,pdimtrdnc@gmail.com,Dept. of Dhanwate National College   Congress Nagar Opp. Ajni Rly Station  Nagpur    440012,2445356,,
4104,Kavi Kulguru Institute of Technology & Science   Ramtek,www.kits.edu,principal@kits.edu,K. K. Nagar   Ramtek   Nagpur - 441 106  ,255309,,
4105,GES Department Of Management Technology N.M.D.PG College Of Arts   Commerce   Law & Management   Gondia ,www.nmdcgmmba.co.in,dmtr.nmd@rediffmail.com,Ramnagar   Gondia   441614,252682,,
4115,Shri Ramdeobaba College of Engineering and Management   Nagpur,www.rknec.edu,deanadmissions@rknec.edu,Gittikhadan   Katola  Road   Nagpur,2580011,,
4116,Ankush Shikshan Sanstha's G.H.Raisoni College of Engineering   Nagpur,www.ghrce.raisoni.net,principal.ghrce@raisoni.net,C.R.P.F. Gate No.3   Digdoh Hills   Hingna Road   Nagpur ,9604787184,,
4117,G.H. Raisoni Institute of Information Technology,ghriit.raisoni.net,ghriitnag@raisoni.net, 37-39/1   SHRADDHA PART   OFF HINGNA-WADI LINK ROAD   MIDC   NAGPUR   MAHARASHTRa 440028,236102,,
4118,Bapurao Deshmukh College of Engineering   Sevagram,www.bdce.edu.in,princi.bdces@gmail.com,P.O.Sevagram  Dist-Wardha,284378,,
4123,Lokmanya Tilak Jankalyan Shikshan Sanstha   Priyadarshani College of Engineering   Nagpur ,www.pcenagpur.edu.in,mpsingh3712@rediffmail.com,Near CRPF Campus   Hingna Road   Nagpur ,244381,,
4128,Ranibai Agnihotri Institute of Computer Information Technology   Wardha,www.agnihotrigroup.org,raicitprincipal@gmail.com,Bapuji Wadi   Ramnagar Wardha    442001,661111,,
4133,Sanmarg Shikshan Sanstha's Smt. Radhikatai Pandav College of Engineering   Nagpur,www.srpce.ac.in,admin@srpce.ac.in,Near Dighori Naka   Umrer Road   Bhadura   Nagpur,663603,,
4134,Guru Nanak Institute of Engineering & Technology  Kalmeshwar   Nagpur,www.gniet.ac.in,gnietnagpur@gmail.com,Khasara No-94  95&164/1  Mauza Dahegaon  Opposite IOC Prtrol Pump  Kalmeshwar   Nagpur,661400,,
4135,Amar Seva Mandal's Shree Govindrao Vanjari College of Engineering &  Technology   Nagpur,www.gwcet.ac.in,gwcet@rediffmail.com,Survey No. 148/149   Salai Godhani   Near Chikna Village   Hudakeshwar Road   Nagpur,2742308,,
4136,Lokmanya Tilak Jankalyan Shikshan Sastha   Priyadarshini J. L. College Of Engineering   Nagpur,www.jlcce.ltjss.net,principaljlcce@gmail.com,846   Nandanvan   Nagpur ,2711505,,
4138,Jaidev Education Society   J D College of Engineering and Management   Nagpur ,www.jdcoem.ac.in,principal@jdcoem.ac.in,At Khandala   Post Vaini Katol Road   Nagpur,2023003,,
4139,Samridhi Sarwajanik Charitable Trust   Jhulelal Institute of Technology   Nagpur,www.jit.org.in,admin@jit.org.in,Kh. No.72   68/1   68/2   68/3   Lonara Dist. Nagpur,2668233,,
4141,Shriram Gram Vikas Shikshan Sanstha   Vilasrao Deshmukh College of Engineering and Technology   Nagpur,www.vdcet.com,vdcoe_ngp@hotmail.com,Sr. No.121   262   At Mouza   Taluka Mauda   Bhandara Road   Nagpur ,281254,,
4142,Ankush Shikshan Sanstha's G. H. Raisoni Institute of Engineering & Technology   Nagpur,www.ghrietn.raisoni.net,ghrietn@raisoni.net,MIDC   Near Facor   Higna Wadi Road   Nagpur ,234501,,
4143,Sanmarg Shikshan Sanstha   Mandukarrao Pandav College of Engineering   Bhandara,WWW.MPCE.ORG.IN,mpce@rediffmail.com,Sr. No.183/1   Billewada   Taluka & Dist Bhandara,71843094,,
4144,Shri. Sai Shikshan Sanstha   Nagpur Institute of Technology   Nagpur,www.nit.edu.in,registrar@nit.edu.in,Sr. No.13/2   Mahurzari   Katol Road   Taluka & Dist Nagpur ,9881711787,,
4145,Wainganga College of Engineering and Management   Dongargaon   Nagpur,www.wcem.in,wcem4145@gmail.com,Dongargoan   Near Gumgaon Railway Station   Post - Gumgaon   Wardha road   Nagpur,203728,,
4146,KDK College of Engineering   Umrer   Nagpur,www.ucoe.org.in,dratulcwaghmare@rediffmail.com,State Highway No.9   Opp. W. C. L.   Umrer Project   Umrer   Nagpur,247317,,
4147,K.D.K. College of Engineering   Nagpur,www.kdkce.edu.in,kdkce4147@gmail.com, Great Nag Road   Nandanvan   Nagpur,2710030,,
4151,Vidarbha Bahu-Uddeshiya Shikshan Sanstha's Tulshiramji Gaikwad Patil College of Engineering & Technology   Nagpur,www.tgpcet.com,vidarbhabuss@yahoo.co.in,Kh. No. 8/1   Mohgaon  Wardha Road  Nagpur ,645410,,
4154,Center for Advance Education  Institute of Management Technology   Katol Road   Nagpur,www.itm.edu,,35 Km Milestone   Mouza Dorli   Katol Road   Nagpur,Ext.-,,
4163,Rajiv Gandhi College of Engineering Research & Technology  Chandrapur,www.rcert.ac.in,principal@rcert.ac.in,Ballarpur Road Babupeth Dist. Chandrapur,225168,,
4165,Gondia Education Society's Manoharbhai Patel Institute of Engineering and Technology   Gondia,www.mietgondia.in,principal_miet@rediffmail.com,Kudwa    Dist. Gondia ,252033,,
4167,Yeshwantrao Chavan College of Engineering  Wanadongri   Nagpur,www.ycce.edu,principal@ycce.edu,Hingna Road   Wanadongri   Nagpur  441110,242919,,
4171,Lokmanya Tilak Jankalyan Shikshan Sanstha's    Priyadarshini Institute of Engineering and Technology   Nagpur,www.piet.ltjss.net,viveknanoti@gmail.com,Mouza Shivangaon    Khasara   1/1A   1909/12C   Near CRPF Campus   Hingna Road   Nagpur,244463,,
4172,Anjuman College of Engineering & Technology   Nagpur,www.anjumanengg.edu.in,eng_acet@rediffmail.com,Mangalwari Bazar Road   Sadar   Nagpur,6604502,,
4174,ST. Vincent Pallotti College of Engineering & Technology   Nagpur,www.stvincentngp.edu.in,info@stvincentngp.edu.in,Gavsi Manapur   Wardha Road    Nagpur,275951,,
4175,JMSS Shri Shankarprasad Agnihotri College of Engineering   Wardha,www.sspace.ac.in,agisspace2007@gmail.com,Agnihotri College Campus   Bapujiwadi   Ramnagar   Wardha ,250007,,
4177,Priyadarshini Bhagwati  College of Engineering   Harpur Nagar   Umred Road  Nagpur,www.bcce.ltjss.net,principalpbcoe@gmail.com,Harpur Nagar   Umrer Road   Nagpur,2710282,,
4178,Rajiv Gandhi College of Engineering & Research   Hingna Road   Nagpur,www.rgcer.edu.in,rgcerngp@gmail.com,Wanadongari   Hingna Road   Nagpur ,9028049155,,
4179,Lokmanya Tilak Jankalyan Shiksan Sanstha   Priyadarshini Indira Gandhi College of Engineering   Nagpur ,www.pice.ltjss.net,pigce.principal@gmail.com,Opp. Lata Mangeshkar Hospital   Hingana Road   Nagpur,232545,,
4180,KDKs Shrimati Rajashri Mulak College of Engineering for Womens   Nagpur,www.srmcew.edu.in,principal_srmcew@yahoo.com,KDK College Campus   Great Nag Road   Nandanvan   Nagpur ,2714750,,
4181,Sarvasiddhanta Education Soc's Nuva College of Engineering and Technology   Nagpur,www.nuvaedu.com,infonuva@gmail.com,146  149  150 & 153  Nagpur Katol Highway   Khapri(Kothe)  Tal.Kalmeshwar   Nagpur,661105,,
4184,Om Arunodaya Bahuuddeshiya Khadi Garmudyog Vikas Sanstha's Om College of Engineering   Inzapur   Wardha(Closed A.Y. 2018-19),www.omcoe.com,glpworld@rediffmail.com,Lloyd Steel Industrial Limited   Hinganghat Road    Inzapur   Wardha ,285252,,
4185,Shree Bapuraoji Deshmukh Foundation   Suresh Deshmukh College of Engineering   Selukate   Wardha,www.sdce.edu.in,princi.sdces@gmail.com,Selukate   Survey No. 161   Mauje Selu Kate   Dist. Wardha ,282533,,
4186,Datta Meghe Institute of Medical Science's Datta Meghe Institute of Engineering & Technology & Research   Savangi (Meghe),www.dmietr.edu.in,principal_dmietr@yahoo.com,Wardha Yavatmal Road Wardha,287894,,
4187,Dr. Babasaheb Ambedkar College of Engineering and Research   Wanadongri   Nagpur,www.svsscer.edu.in,svssngp@gmail.com,Wanhadongri   Hingna Road   Nagpur ,242406,,
4188,Krushi Jivan Vikas Pratishthan   Ballarpur Institute of Technology   Mouza Bamni,www.bitedu.co.in,bit.ballarpur@gmail.com,Bamani   Rajapura Road   Tal. Ballarpur. Chandrapur,7720079166,,
4189,Sardar Patel Memorial Society's Namdevrao Poreddiwar College of Engineering and Technology   Gadchiroli,www.npcet.ac.in,principal.ncet@gmail.com,At Mouza Boldi   Dhanopra Road   Tal & Dist. Gadchiroli,237861,,
4190,M.D. Yergude Memorial Shikshan Prasarak Mandal's Shri Sai College of Engineering & Technology   Badravati,,,,,,
,,,,,,,
,www.sscet.in,mdyergude@yahoo.com,Near Village Lonara   Nagpur Road   Badravati Dist. Chandrapur ,230723,,,
4192,Maitraya Education Society   Nagarjuna Institute of Engineering Technology & Management   Nagpur,,,,,,
,www.nietm.in,maitrey.ngp@gmail.com,Khasara No. 27   32-B   At Satnavari   Amravati Road   Nagpur ,322212,,,
4193,K.D.M. Education Society   Vidharbha Institute of Technology  Umred Road   Nagpur,www.vitnagpur.com,kdmsociety@gmail.com,Gram UTI   Umred Road   Nagpur,Ext.-,,
4194,Nav Disha Education Soc   Acharya Vinoba Bhave Institute of Technology   Mauza-Pawnar  Wardha,www.abvit.org,avbit2008@rediffmail.com,At Post Pavanar   Dist. Wardha,93733950,,
4195,Vidharbha Bahu uddeshiya Shikshan Sanstha's Abha Gaikwad – Patil College of Engineering   Nagpur,www.agpce.com,vidarbhabuss@yahoo.co.in,Khasara No.8/1   Mohgaon   Wardha Road   Tal. & Dist. Nagpur,645412,,
4196,Gurunanak Educational Society's Gurunanak Institute of Technology   Nagpur,www.gniem.ac.in,gniemnagpur@gmail.com,Dahegaon   Kalmeshwar Road   Nagpur,661450,,
4197,Jai Mahakali Shikshan Sanstha   Agnihotri College of Engineering   Sindhi(Meghe),,,,,,
,,,,,,,
,www.agnihotrigroup.org,ajayshelke.000@rediffmail.com,Nagthana Road   Near Bypass Highway Road   Sindhi (Meghe). Wardha ,250152,,,
4210,Shree Tuljabhavani Sevabhavi Saikshanik & Samajik Sanstha   Hi-Tech College of Pharmacy   Morwa   Chandrapur,www.htcop.co.in,hitechcops09@rediffmail.com,Survey No.148/1   148/4   Nagpur Highway Morwa   Chandrapur,645441,,
4219,Yugantar Education Society's Shri Balasaheb Tirpude College of Hotel Management & Catering Technology  Nagpur,www.tirpudehmct.org,tirpudehmct@gmail.com,Shri Nasikraoji Tirpude Marg  Civil Lines   Sadar   Nagpur,2550695,,
4235,Jai Mahakali Shikshan Sanstha's Agnihotri School of Technology   Ramnagar   Wardha,www.astwardha.in,ast695@rediffmail.com,Ramnagar   Wardha    442001,252888,,
4252,Late Madhukarrao Deshmukh Education Soceity's Avdhoot Diploma College Of Engineering   Mouza   Bhojapur,lmdes.org.in,avdootpoly@rediffmal.com,Mauza Bhojapur   P.H. No.115   Sur. No.6   Kuhi   Nagpur 400001,220021,,
4254,Krushna Sahayogi Tantra Shikshan Sanstha   Chatrapati Shivaji Institute Of Technology   Deori   Gondia,www.kstsscsit.org,kstsscsit@rediffmail.com,Shivaji Campus  At.Post.Th.Deori(Chichgadh Road) Gondia    441901,225631,,
4260,Sikh Education Society's Gurunanak Technical Institute of Pharmacy   Nagpur,www.gntinagpur,gnti1983@yahoo.com,Mauza Nari   Near Dixit Nagar   Kh. No. 81/1   C.P. Foundry  Pili Nadi Nagpur    440026,2633854,,
4278,Young Engineers Education Society's Maharashtra Institute Of Pharmacy   Betada   Bramhapuri   Chandrapur,www.mipharma.edu.in,principalmip@gmail.com,At-Chaughan Phata   Armari Road   (Betala) Po- Kinhi   Tal- Bramhapuri   Chandrapur ,279085,,
4285, V M Institute of Engineering and Technology   Dongargaon   Nagpur,www.vmit.org.in,vmietnag@gmail.com,Dhutte village    Near Dongargaon   Wardha Road   Nagpur,6650243,,
4301,ITM College of Engineering   Nagpur,www.itmnagpur.ac.in,prasadv@itmnagpur.ac.in,Near Madhi Mandir   Ghorpad Road   Kamptee   Dist-Nagpur,7109270273,,
4302,Gondia Education Society's Manoharbhai Patel Institute Of Engineering & Technology   Shahapur   Bhandara ,www.mietbhandara.ac.in,principalmietb@rediffmail.com,N.H.6 Shahapur  Bhandara,9975591177,,
4303,Vidya Niketan Institute of Engineering and Technology   Nagpur,www.vniet.org,principal@vniet.org,At. Post : Gondkheri. Tah.: Kalmeshwar   Dist.: Nagpur,277088,,
4304,Cummins College of Engineering For Women   Sukhali (Gupchup)   Tal. Hingna Hingna Nagpur,www.cumminscollege.edu.in,office@cumminscollege.edu.in,Mouje Sukhali (Gupchup)   Tal. Hingna  Dist. Nagpur,96576670,,
4305,G.H.Raisoni Academy of Engineering & Technology   Nagpur,www.ghraet.raisoni.net,ghraetnag@raisoni.net,Shraddha Park   Off Hingna-Wadi Link Road   Nagpur,237688,,
4319,Indian Instiutute of Fire Engineering   Nagpur,www.firecollegenagpur.in,fireinstitute96@gmail.com,Makardhokda Katol Road  Near VeerChakra Colony   Nagpur  440013,2574129,,
4598,Maharashtra Shikshan Prasarak Mandals  Sommaya Diploma In Engineering   Wadgaon Dist Chandrapur,www.somayyapolytechnic.com,somayyamspm@gmail.com,Wadgaon Dist Chandrapur   442402,271232,,
4604,Gramin Vikas Multipurpose Education Society  Prabhat Diploma College of Engineering   Mouza Rui   Ta- Bramhapuri   Chandrapur,www.gvmes.org.in,prabhatpolytechnic@gmail.com,Gut No. 90   102   Mouza Rui   Ta- Bramhapuri   Dist-Chandrapur ,230168,,
4612,Navneet Bahuuddeshya Sanstha   Kinkar Institute Of Technology  Seloo  Dist.Wardha,www.kitseloo.org,principal.kit4612@gmail.com,Rehnki Road  Seloo  Dist.Wardha ,220240,,
4613,Suryodaya College of Engineering & Technology   Nagpur,,,,,,
,,,,,,,
,www.scetngp.com,scetngp@gmail.com,Survey No. 117/1 & 117/3 A   Vihirgaon   Nagpur ,276282,,,
4645,Maharashtra College of Engineering   Betada   Brahmapuri,www.yees.edu.cin,parag.pise1999@gmail.com,Choughan Phata   Armori Road   (Betada)   Tal.Bramhapuri   Dist.Chandrapur.,Ext.-,,
4648,R.V. Parankar College of Engineering & Technology   Arvi   Dist Wardha,,raviparnkar@gmail.com,Survey No. 11611   Mauza - Sarangpuri   Talao Road   Darankikar Wadi   Taluka Arvi   Dist Wardha.,Ext.-,,
4649,Bajaj Institute of Technology   Wardha,www.bit.shikshamandal.org,shikshamandal@gmail.com,Arvi Road   in Front of Ramkrishna Bajaj Agriculture College   Pipri   Wardha ,255770,,
4653,ANJANYA POLYTECHNIC COLLEGE   Tumsar,www.anjaneyapoly.com,ashish.kachare@gmail.com,AT Post khairlanji (Shora Road ) Tq Tumsar Dist Bhandara,233630,,
5003,University Institute  of Chemical Technology   North Maharashtra University   Jalgaon  ,www.nmu.ac.in,jbnaik@nmu.ac.in,P.B.No. 80   Umavinagar   Jalgaon,2257441,,
5004,Government College of Engineering   Jalgaon,www.gcoej.ac.in,princoej@rediffmail.com,Opp.Govt  I.T. I. National Highway No-6   Jalgaon ,2281522,,
5013,Mahatma Gandhi Taluka Shikshan Mandal's Sharadchandrika S. Patil Inst of Technology   Chopda,,dpharmacychopda@gmail.com,CHOPDA Jalgaon    425107,220500,,
5103,Shri Shivaji Vidya Prasarak Sanstha's Late Bapusaheb Shivaji Rao Deore College of Engineering  Dhule,www.ssvpsengg.ac.in,princi.ssvps@gmail.com,SSVP Sansthas B S Deore College of Engineering   M.B.A.Department   Dhule,272713,,
5104,Shramsadhana Bombay Trust   College of Engineering & Technology   Jalgaon ,www.sscoetjalgaon.ac.in,sscoetjal@gmail.com,Bambori   Dharangaon    Jalgaon ,2258393,,
5105,G.H. Raisoni Institute of Engineering and Management   Jalgaon,www.raisoni.net,prabhakar.bhat@raisoni.net,Gat No. 57/1   Shirsoli Road   At. Post- Mohadi Tal. & Dist. Jalgaon   ,2264881,,
5106,K. C. E. Societys College of Engineering and Information Technology   Jalgaon ,www.coeit.kces.in,coeit.inquiry@gmail.com,C.S. No. 7480 and 7323   Behind D.I.C.   N.H.No.6    IMR Campus   Jilha Path   Jalgaon,2242025,,
5107,Shri Gulabrao Deokar College of Engineering   Jalgaon,www.sgdcoejalgaon.org,principal@sgdcoejalgaon.org,Gat No. 56    P.B. NO. 113   Shirsoli Road   Jalgaon ,2264871,,
5108,Nashik District Maratha Vidya Prasarak Samaj's Karmaveer Adv.Babaurao Ganpatrao Thakare College of Engineering   Nashik,www.kbtcoe.org,principal@kbtcoe.org,Udoji Maratha Boarding Campus   Near Pumping Station   Gangapur Road   Nashik,2571439,,
5109,Sandip Foundation   Sandip Institute of Technology and Research Centre   Mahiravani   Nashik,www.sandipfoundation.org,principal@sitrc.org,At Post mahiravani   Trimbak Road Dist Nashik,222551,,
5113,Nashik District Maratha Vidya Prasarak Samaj's Institute of Management Research & Technology   Nashik,www.imrt.ac.in,imrt_mba@yahoo.co.in,M. V. P. Campus   Gangapur Road   Shivaji Nagar   Nasik  422002,2571650,,
5121,K. K. Wagh Institute of Engineering Education and Research   Nashik,www.engg.kkwagh.edu.in,kkwieer@kkwagh.edu.in,Hirabai Haridas Vidyanagari   Amrut Dham    Panchawati   Nashik,2512876,,
5124,Jagadamba Education Soc. Nashik's S.N.D. College of Engineering & Reserch   Babulgaon ,www.sndcoe.ac.in,sndcoe.principal@gmail.com,At. Post Babulgaon   Tal Yeola   Nashik,225012,,
5125,Pravara Rural Education Society's Sir Visvesvaraya Institute of Technology   Chincholi Dist. Nashik,www.svitnashik.in,svit.nashik@pravara.in,At / Po Chincholi   Tal. Sinnar   Nashik,271278,,
5130,Brahma Valley College of Engineering & Research   Trimbakeshwar   Nashik,www.brahmavalley.com,princi.bvcoe@gmail.com,Anjaneri Village   Trimbakeshwar   Dist.Nashik 422103,220202,,
5139,Pravara Rural College of Engineering   Loni   Pravaranagar   Ahmednagar.,www.pravaraengg.org.in,principal@pravaraengg.org.in, A/P.Loni   Tal.Rahata  Dist.Ahmednagar ,273204,,
5151,MET Bhujbal Knowledge City MET League's Engineering College   Adgaon   Nashik.,www.metbhujbalknowledgecity.ac.in,vpwani@gmail.com,Bhujbal Knowledge City    MET's Institute Of Engineering   Adgaon   Nashik,2303515,,
5160,Sanjivani Rural Education Society's Sanjivani College of Engineering   Kopargaon,www.sanjivanicoe.org.in,principalcoe@sanjivani.org.in,Sahajanand Nagar   Po : Shingnapur   Tal : Kopargaon   Dist. Ahmednagar ,9130191301,,
5161,Dr. Vithalrao Vikhe Patil College of Engineering   Ahmednagar,www.enggnagar.com,prin_coea@yahoo.com,vadgaon Gupta   Vilad Ghat   P.O.-MIDC   Ahmednagar ,2777296,,
5162,Amrutvahini Sheti & Shikshan Vikas Sanstha's Amrutvahini College of Engineering   Sangamner,www.avcoe.org,principal@avcoe.org,P.O.: Sangamner Sakhar Karkhana   Tal : Sangamner   Dist. Ahmednagar,259096,,
5164,P.S.G.V.P. Mandal's D.N. Patel College of Engineering   Shahada   Dist. Nandurbar,www.coeshahada.ac.in,principal@coeshahada.ac.in,Poojya Sane Guruji Vidya Prasarak Mandal's   D.N. Patel College of Engineering   Shahada   Dist. Nandurbar,229649,,
5167,Sanjay Education Society's College of Engineering   Navalnagar,www.sescoe.org,coenavalnagar@gmail.com,Navalnagar   Tal & Dist. Dhule ,260238,,
5168,T.M.E. Society's J.T.Mahajan College of Engineering   Faizpur,www.jtmcoef.ac.in,jtmcoef@rediffmail.com,Jivram Nagar     Nhavi Marg   PO:Faizpur(MSSK)    Dist. Jalgaon ,248256,,
5169,Nagaon  Education Society's Gangamai College of Engineering   Nagaon   Tal Dist Dhule,www.gangamaiengg.org,nagaonengg@rediffmail.com,Nagaon At Post. Nagaon   Tal&Dist.  Dhule,243170,,
5170,Hindi Seva Mandal's Shri Sant Gadgebaba College of Engineering & Technology   Bhusawal,www.ssgbcoet.com,rps125@rediffmail.com,Near Z.T.C Bhusawal   Dist. Jalgaon,221719,,
5171,Godavari Foundation's Godavari College Of Engineering    Jalgaon,engg.godavarifoundation.org,gcoe2008@gmail.com,Plot No.51   Dr. Ulhas Patil Nagar   Additional MIDC   Bhusawal Road   N.H.No.6   Jalgaon,2212999,,
5172,R. C. Patel Institute of Technology   Shirpur,www.rcpit.ac.in,registrar@rcpit.ac.in,Near Nimzari Naka   Shirpur Dist. Dhule,259600,,
5173,SNJB's Late Sau. Kantabai Bhavarlalji Jain College of Engineering    (Jain Gurukul)   Neminagar  Chandwad  (Nashik),www.snjb.org,principalcoe@snjb.org,Jain Gurukul   Neminagar   Chandwad Dist.  Nashik,205527,,
5176,G. H. Raisoni College of Engineering and Management   Ahmednagar,ghrcemahm.raisoni.net,ghrcemahm@raisoni.net,G.No.1030   At/Post-Chas  Nagar-Pune Road   Ahmednagar,2570123,,
5177,Matoshri College of Engineering and Research Centre   Eklahare   Nashik,www.mcoerc.org,gkkharate@rediffmail.com,At Post Eklahare   Taluka & District Nashik,2406600,,
5179,Vishwabharati Academy's College of Engineering   Ahmednagar,www.vacoea.com,principal_vacoea@yahoo.com,Sarola Baddi   Jamkhed Road     Ahmednagar,2660033,,
5181,Gokhale Education Society's   R.H. Sapat College of Engineering   Management Studies and Research   Nashik,www.ges-coengg.org,principal@ges-coengg.org,Vidyanagar   College Road   Nashik 422 005,2311842,,
5182,Kalyani Charitable Trust   Late Gambhirrao Natuba Sapkal College of Engineering   Anjaneri   Trimbakeshwar Road   Nashik,www.sapkalknowledgehub.org,gns_engineering@sapkalknowledgehub.org,Sapkal Knowldege Hub  Kalyani Hills   Anjaneri- Wadholi   Tal. Trimbak   Nashik,220175,,
5183,Shri Chhatrapati Shivaji College of Engineering   (Rahuri Factory)   Tal.Rahuri   Dist.Ahmednagar,www.scscoe.org,scsc_eng@yahoo.in,Shree Shivaji Nagar (Rahuri Factory)   Tal. Rahuri    Dist. Ahmednagar ,251200,,
5184,Amruta Vaishnavi Education & Welfare Trust's Shatabdi Institute of Engineering & Research   Agaskhind Tal. Sinnar,www.sier.org.in,siermainoffice@gmail.com,At- Agaskhind   Post Shenit (Via Deolali Camp-Bhagur)   Tal. Sinnar  Dist. Nashik,304203,,
5218,A.J.M.V.P.S. Institute of Hotel Management & Catering Technology College   Ahmednagar,www.ihmct.in,ihmctajmvps@gmail.com,Lal Taki Road   Near Law College   Ahmednagar,2326778,,
5219,Mahatama Gandhi Vidyamandir's College of Hotel Management & Catering Technology    Nashik,www.mgv.edu/hmct,mgvihmct@rediffmail.com,Mumbai-Agra Highway   Panchavati   Nashik,2628281,,
5220,Pravara Rural Education Society's Padmashri Dr. Vittalrao Vikhe Patil Institute of Technology and Engineering Polytechnic   Pravaranagar,www.pravara.in,principal.polyloni@pravara.in,A/P Loni Bk.-413 713   Taluka Rahata  Ahmednagar  413736,272151,,
5223,Mgts Mandal's Sharadchandrika Suresh Patil Institute Of Technology(Polytechnic)   Chopda,www.polychopda.org,0061principal@msbte.com,Yawal Road   Chopda Jalgaon    425107,222100,,
5225,Shree Sant Muktabai Sansthan's Shri Sant Muktabai Institute of Technology   Jalgaon,www.muktaieducation.org,smitcollegejalgaon@gmail.com,B.J Nagar Pimparala Road   P.Box No 132   Jalgaon    425001,2250500,,
5229,Technical & Medical Education Society's J. T. Mahajan Polytechnic   Faizpur,www.jtmpoly.ac.in,jtmpfaiz@gmail.com,Nhavimarg   Faizpur Jalgaon    425524,248156,,
5244,MET's Institute of Technology Polytechnic   Bhujbal Knowledge City   Adgaon Nashik,www.metbhujbalknowledgecity.ac.in,principal_iot@bkc.met.edu,Bhujbal Knowledge City   Adgaon   Nashik 422003,2555825,,
5246,Kai. Vanjibaba Gramin Vikas Mandal   Shantidevi Chavhan Institute of Engineering & Technology   Chalisgaon,www.sscpolycsn.com,1004principal@msbte.com,Survey No. 94/3/1 & 2   At Post Bhoras   Tal Chalisagtion    Jalgaon    424101,257356,,
5249,Trimurti Shikshan Prasarak Mandal   Trimurti Institute Of Technology   Paladhi Bk   Jalgaon,www.tspmjalgaon.com,manojpatil9737@rediffmail.com,Survey No.227/2   Paldhi Bk   Next To North Maharashtra University   Tal-Dhamangaon   Dist:Jalgaon ,202292,,
5252,The People Education Society's   Diploma College Of Enggineering & Technology  Jamkhed,www.pesjamkhed.com,pesdcet@gmail.com,Behind Police Line  Jamkhed Dist. Ahmednagar  413201,221233,,
5253,Kisan Dnyanoday Mandal Gudhe's Dr. Uttamrao Mahajan Institute Of Engineering & Technology  Chalisgaon   Jalgaon,www.kdmgsinstitutions.co.in,1178principal@msbte.com,Gat No.140 2 A/1  140 2 A/2   Aurangabad Byepass Road   Chalisgaon Dist-Jalgaon 424101,202252,,
5255,Sanjivani Pratishthan's Institute Of Technology  Kurund,www.sanjivanipratisthan.com,spitkurund@gmail.com,Gut No.22  23  28  At Kurund Post Ralegantherpal Tal.Parner Ahmednagar    414306,212631,,
5263,Matoshri Education Soceity   Matoshri Institute Of Technology   Dhanore   Nashik,www.mityeola.in,mityeola@gmail.com,Dhanore Tal.Yeola   Dist.Nashik  423401,267561,,
5264,Mahatma Gandhi Vidyamandir's Institute Of Industrial & Pharmaceutical Technology   Nashik,www.mgv.org.in,mgv.iipt@gmail.com,MUMBAI-AGRA HIGHWAY   PANCHAVATI   NASHIK-422003 ,2511931,,
5271,Shri.Sant Muktabai  Santha's Institute  of Technology   Jalgaon,www.muktaieducation.org,smitcollegejalgaon@gmail.com,B.J.Nagar   Pimprala Road   P.O.Box No.132   Jalgaon 425001 (M.S.) ,2250500,,
5302,Mahatma Gandhi Vidya Mandir Institute Of  Hotel Management And Catering Technology  Nashik,www.mgv.org.in,mgvdhmct@gmail.com,Panchavati  Mumbai-Agra Road   Nashik 422003,2628283,,
5322,Jamia Institute Of Engineering And Management Studies   Akkalkuwa,www.jiemsakk.com,jamia.enggmba@yahoo.com,Molgi Road Near Amlibari Fata Akkalkuwa   Nandurbar,252524,,
5330,Pune Vidyarthi Griha's College Of Engineering   Nashik,pvgcoenashik.org,pvgcoenashik@gmail.com,206   Dindori Road   Near Meri   Mhasrul   Nashik,6480036,,
5331,Sandip Foundation's   Sandip Institute of Engineering & Management   Nashik,www.sandipfoundation.org,principal@siem.org.in,Trimbak Road   Mahiravani Nashik,222581,,
5363,Amruta Vaishnavi Education & Welfare Trust's Shatabdi Institute of Technology   Agastkhind   Tal Sinner,www.sitp.co.in,1473principal@msbte.com,Srv. No. 2   At. Post Agastkhind   Tal Sinner Dist. Nashik 422502,2551304,,
5368,Seva Shikshan Prasarak Mandal   Dr. N. J. Paulbudhe Institute of Technology   Narayandoho Tal Nagar   Ahmednagar,,,,,,
,,,,,,,
,sspm.online.org.in,polytech_paulbudhe@yahoo.in,Gate No. 479 At. Post Narayandoho Tal Nagar Dist. Ahmednagar,2030626,,,
5369,Nashik Institute of Technology   Late Annasaheb Patil Polytechnic    Dindori Road Cannol road   MERI   Nashik,www.nitnasik.com,principal@nitnasik.com,Srv. No  .155 / 1A Dindori Road Cannol road MERI Nashik ,2024121,,
5372,Godavari Foundation  Dr.Varsha Patil Institute of Technology   Jalgaon,www.dvpit.in,dvpit2010@gmail.com,Jalgaon  425309,77200899,,
5380,Adsul's Technical Campus   Chas Dist. Ahmednagar,www.adsulsgroup.edu.in,adsulstechnicalcampus@gmail.com,At Post Chas   Tal.& Dist. Ahmednagar ,2570428,,
5381,Shri. Jaykumar Rawal Institute of Technology   Dondaicha.,www.jaytech.co,5381jaytech@gmail.com,At Post Dondaicha   Dist. Dhule,256244123,,
5382,Ahmednagar Jilha Maratha Vidya Prasarak Samajache   Shri. Chhatrapati Shivaji Maharaj College of Engineering   Nepti,www.scoea.org,scsmcoe.anr@hotmail.com,Survey No. 162& 163   Nepti   Nagar Kalyan Road   Ahmednagar,2568383,,
5384,Shree Saibaba Institute of Engineering   Research & Allied Sciences   Rahta.,www.shrisaibabaengg.org,shrisaibabaengg@gmail.com,At Post Rahta   Taluka Rahata   Dist. Ahmednagar,204580,,
5385,Akole Taluka Education Society  s Technical Campus   Akole   Ahmednagar,www.atestc.com,akole2011@gmail.com,Akole   Tal. Akole   Dist. Ahmednagar,221123,,
5390,K.V.N. Naik S. P. Sansth's Loknete Gopinathji Munde Institute of Engineering Education & Research   Nashik.,www.logmieer.com,kvnnaik@gmail.com,Canada Corner   Sharanpur Road   Nashik,6641301,,
5395,Ashok Institute of Engineering & Technology(Polytechnic)   Shrirampur.,www.ashokpolytechnic.org,ashoktech_ashoknagar@yahoo.com,Ashok Nagar   Tal.Shrirampur   Dist. Ahmednagar.413717,246021,,
5396,College of Engineering and Technology   North Maharashtra Knowledge City   Jalgaon,www.nmkcj.org,nmkcjalgaon49@gmail.com,Gat No 166 Bambhori   Jalgaon,93714,,
5399,Sanghavi College of Engineering   Varvandi   Nashik.,www.shreemahavir.org,principal.scenashik@shreemahavir.org,Gut No. 166   Varvandi   Taluka Dindori   Dist. Nashik.,259091,,
5400,Piren's Insitute of Computer Technology   Loni,www.pirens.in,directorptc@yahoo.com,A/P Loni   Bk. Taluka Rahata   Dist. Ahmednagar,2422473,,
5401,Jawahar Education Society's Institute of Technology   Management & Research   Nashik.,www.jitnashik.edu.in,principaljitnashik@rediffmail.com,Survey No.48   Gowardhan   Gangapur Road   Nashik.,2970077,,
5404,Gurukul Education Society's Institute of Engineering & Technology   Nandgaon,www.gurukulpolytechnic.org,1607principal@msbte.com,S.No. 34/1B   & 34/2   At Phule Nagar   Post Nandgaon   Tal. & Dist. Nashik.,243488,,
5408,Vidya Niketan College of Engineering   Bota Sangamner,www.vidyaniketanglobal.com,vncoe.principal@gmail.com,Gat No. 670   Vidya Nagari   Pune Nashik Road   at post Bota   TalSangamner   Dist. Ahmednagar.,8600888433,,
5409,Rajiv Gandhi College of Engineering   At Post Karjule Hariya Tal.Parner   Dist.Ahmednagar,www.rgcoe.org,rajivgandhi.iot@gmail.com,At Post Karjule Harya   Tal. Parner   Dist Ahmednagar,295101,,
5411,Maulana Mukhtar Ahmad Nadvi Technical Campus   Malegaon.,www.mmantc.in,mmantc@gmail.com,Mansoora   Malegaon-Manmad Road   P.B.No.144   Malegaon   Nashik.,2554,,
5414,Nikam Institute of Technology(Polytechnic)  Dhule,www.nitgondur.org,5414nikampoly@gmail.com,Morane-Gondur byPass road  Gondur,297309,,
5418,Guru Gobind Singh College of Engineering & Research Centre   Nashik.,www.ggsf.edu.in,gcoerc.nashik@ggsf.edu.in,Khalsa Educational Complex   Guru Gobind Singh Marg   Nashik.,2372766,,
5419,Mauli Institute of Technology (Polytechnic)   Amalner   Dist. Jalgaon,www.maulipoly.com,maulipoly@gmail.com,Gut No.25/1/A   Dheku Road   Ambasan Dheku   Amalner   District Jalgaon. ,218200,,
5431,Shri. Sai Institute of Technology   Amalner,shrisaiinstituteoftechnology.org,php_pune@rediffmail.com,Gat NO.15/1   Devli/Devgaon   Tal.Amalner   Dist Jalgaon.,218312,,
5449,Shri Vile Parle Kelavani Mandal's Institute of Technology   Dhule,www.svkm-iot.ac.in,IOTDhule@svkm.ac.in,Survey No. 499/1   Plot No.2   Behind Gurudwara   Mumbai Agra Highway   Dhule,2562297801,,
